chunk,season,n,chunk_min_date,chunk_max_date,train_max_date,xfg_log_loss,xfg_brier,xfg_auc,xfg_frozen_log_loss,xfg_frozen_brier,xfg_frozen_auc,xfg_zone_log_loss,xfg_zone_brier,xfg_zone_auc
0,2022-23,7725,20221018,20221023,20220410,0.6404743194580078,0.2258910983800888,0.6488304146037851,0.6404743194580078,0.2258910983800888,0.6488304146037851,0.6626549166092646,0.2350970033392362,0.6203392727952746
1,2022-23,9251,20221024,20221030,20221023,0.6343911290168762,0.22310346364974976,0.6627730159483065,0.6344143748283386,0.22311492264270782,0.662673500469869,0.6573204206852431,0.23248106175534325,0.6326313789820868
2,2022-23,8409,20221031,20221106,20221030,0.6335470676422119,0.22294004261493683,0.6626065325319856,0.6336186528205872,0.22297263145446777,0.6625688883268163,0.6537081120363837,0.23070051725372054,0.6385576002967864
3,2022-23,9617,20221107,20221113,20221106,0.634739339351654,0.2232787162065506,0.6632607541826101,0.6347777843475342,0.2232932448387146,0.6635500682870688,0.658115875052936,0.23281928499794044,0.6343510428370619
4,2022-23,8578,20221114,20221120,20221113,0.6339471936225891,0.22299300134181976,0.6609817544815757,0.6340857744216919,0.2230694442987442,0.6605980186787086,0.6556495974480226,0.23144964887602407,0.6390136439639176
5,2022-23,8914,20221121,20221127,20221120,0.6342656016349792,0.22322221100330353,0.6690169482152082,0.6345213055610657,0.22334353625774384,0.668461120547166,0.6559674337932199,0.2318072834666833,0.6452225992551389
6,2022-23,9360,20221128,20221204,20221127,0.6348778605461121,0.22303035855293274,0.6684623086968584,0.635155200958252,0.2231605499982834,0.667542393771718,0.6555771828718182,0.23159491649631428,0.6441790847022636
7,2022-23,8802,20221205,20221211,20221204,0.6390421986579895,0.2253503054380417,0.6563575731079652,0.6394265294075012,0.22551807761192322,0.6552083747040789,0.6595070255641442,0.233532145441391,0.6372044821300903
8,2022-23,8821,20221212,20221218,20221211,0.6333203911781311,0.22272582352161407,0.6644337698681723,0.6337339282035828,0.2229226529598236,0.663669047477939,0.6562449814950895,0.23195933714533654,0.6360431220208455
9,2022-23,8019,20221219,20221225,20221218,0.6377176642417908,0.22486308217048645,0.6591510916040425,0.6379570364952087,0.22496862709522247,0.658283333665557,0.6627980982671376,0.2351134723974333,0.6302494356349791
10,2022-23,9230,20221226,20230101,20221225,0.6375913619995117,0.22475813329219818,0.6607597463350453,0.6381786465644836,0.22503544390201569,0.6592870796164428,0.6588356033097409,0.2332146794583853,0.6412278891825643
11,2022-23,9730,20230102,20230108,20230101,0.6383174657821655,0.22505174577236176,0.6544660414922394,0.6388600468635559,0.22531655430793762,0.6520988537564553,0.6595979831417961,0.23359870216600928,0.6353341475250235
12,2022-23,9071,20230109,20230115,20230108,0.6364914178848267,0.22403250634670258,0.6610557010438617,0.6373555660247803,0.22443321347236633,0.6577240648485365,0.6577065956625837,0.23255859497740541,0.6410475158040903
13,2022-23,8773,20230116,20230122,20230115,0.6437316536903381,0.2273378074169159,0.6517510535459973,0.6443331241607666,0.2276086062192917,0.6504066409170781,0.665114457866228,0.23600003466159458,0.6249428803497477
14,2022-23,8803,20230123,20230129,20230122,0.6404100656509399,0.22592192888259888,0.6565327900409019,0.6408306360244751,0.22612355649471283,0.656279239218341,0.6613676016763976,0.23446150165895197,0.6314322662994188
15,2022-23,9043,20230130,20230205,20230129,0.6336221098899841,0.22301480174064636,0.6655709897922456,0.6341127753257751,0.22323140501976013,0.6637838018558536,0.6576759688601981,0.2326424953907796,0.6402202903444446
16,2022-23,8584,20230206,20230212,20230205,0.6355138421058655,0.22380754351615906,0.6642614803140565,0.6369402408599854,0.2244597226381302,0.6600351311048082,0.6567299530549858,0.23224144305961425,0.6474777425810778
17,2022-23,5068,20230213,20230216,20230212,0.6467700004577637,0.22834345698356628,0.6489000442129848,0.6474451422691345,0.22869403660297394,0.6463831612268487,0.6661224920536377,0.23671450494406235,0.6284147985239066
18,2022-23,5953,20230223,20230226,20230216,0.6366369128227234,0.22433976829051971,0.6530275274133448,0.6362298727035522,0.22413139045238495,0.6538618169931525,0.65869831565944,0.2330897809814535,0.625505618870233
19,2022-23,9214,20230227,20230305,20230226,0.6384920477867126,0.22500377893447876,0.658968370773565,0.6395077109336853,0.22546060383319855,0.6565844333679974,0.6616465259512228,0.23460088428016931,0.634175983365036
20,2022-23,8689,20230306,20230312,20230305,0.6400803923606873,0.22544245421886444,0.6594632290763701,0.6414453387260437,0.22610363364219666,0.6555394330407216,0.6598224659728011,0.2336960688960394,0.633732128913352
21,2022-23,9027,20230313,20230319,20230312,0.6450827717781067,0.22738660871982574,0.6548138422340211,0.6460686326026917,0.22787193953990936,0.6515539756280497,0.663397439897515,0.23543994136722043,0.6303312842265588
22,2022-23,8951,20230320,20230326,20230319,0.6373770833015442,0.2248660922050476,0.6613483775037172,0.6388890147209167,0.22554504871368408,0.6565512613862128,0.6620220695029282,0.2347570661095643,0.6367699516437381
23,2022-23,9634,20230327,20230402,20230326,0.6391505002975464,0.22546082735061646,0.6570305067267053,0.6402360200881958,0.22597402334213257,0.6540851370718772,0.6620721454835035,0.23475984088791707,0.6383082353740048
24,2022-23,9954,20230404,20230409,20230402,0.6373875737190247,0.2243269681930542,0.6605506498870537,0.6387315988540649,0.22494624555110931,0.6562645800600797,0.6583033082395254,0.23279526306392545,0.640139627890668
25,2023-24,7198,20231024,20231029,20230409,0.6371279954910278,0.22436632215976715,0.6539730573683107,0.6378793716430664,0.2247065305709839,0.6532799571604546,0.6572760320331187,0.23252003446254538,0.6287075219833178
26,2023-24,9091,20231030,20231105,20231029,0.6394186615943909,0.2254704087972641,0.6571871867526614,0.6401761174201965,0.22583557665348053,0.6543922751567536,0.6575701320842249,0.2325937148910391,0.6367862573506604
27,2023-24,9301,20231106,20231112,20231105,0.6416212320327759,0.2261408418416977,0.6563253305432625,0.6428616642951965,0.22671553492546082,0.6513347640246141,0.6602770089561701,0.23392191835555026,0.634663631090385
28,2023-24,8767,20231113,20231119,20231112,0.6423512101173401,0.22662179172039032,0.650024960798612,0.6437100768089294,0.22725430130958557,0.6464404576473243,0.663795367974017,0.2355796924244391,0.6239506529288049
29,2023-24,9069,20231120,20231126,20231119,0.6383388042449951,0.22478486597537994,0.6582487269618098,0.6395509243011475,0.22537891566753387,0.6548410361091019,0.658701286023597,0.23313812436618486,0.6313439887022896
30,2023-24,8413,20231127,20231202,20231126,0.6438176035881042,0.22746890783309937,0.6439945862046544,0.6449770927429199,0.22799672186374664,0.6402909246656422,0.6642308543655541,0.23590074123946128,0.6250913872488082
31,2023-24,5444,20231204,20231208,20231202,0.63653963804245,0.22408777475357056,0.6574227275784412,0.6374098062515259,0.22446133196353912,0.6543779886010093,0.6568258062715209,0.23218863635903028,0.6334739856113235
32,2023-24,10221,20231211,20231217,20231208,0.6418669819831848,0.226912721991539,0.6499355419822623,0.6429196000099182,0.2274058312177658,0.6461012293804322,0.6635964479795368,0.2354780172137351,0.6274957734176055
33,2023-24,9363,20231218,20231223,20231217,0.637732207775116,0.22530584037303925,0.6518135303142145,0.6389572024345398,0.22586244344711304,0.647379445337376,0.6647124851331478,0.2360501360958579,0.6283432876891853
34,2023-24,8949,20231225,20231231,20231223,0.637151837348938,0.22433146834373474,0.6663244355750908,0.6392680406570435,0.2253362089395523,0.6585642152931648,0.6593410377708386,0.2334591969522507,0.6386695285840712
35,2023-24,9772,20240101,20240107,20231231,0.6387553811073303,0.22534134984016418,0.6571112685691947,0.640152096748352,0.2259991616010666,0.6523846293482612,0.6608508000651523,0.23423334010558616,0.6313105329214457
36,2023-24,8712,20240108,20240114,20240107,0.6422949433326721,0.2268713414669037,0.6519309042590391,0.6440404057502747,0.22770094871520996,0.64596803840353,0.6634152202274916,0.23542156817249732,0.6281477923644219
37,2023-24,8636,20240115,20240121,20240114,0.6390736699104309,0.22527383267879486,0.6526863449248956,0.641001284122467,0.22619009017944336,0.6455343247682022,0.6597175465594546,0.23358334791625454,0.63184861302209
38,2023-24,9106,20240122,20240128,20240121,0.6382279992103577,0.2250899374485016,0.6597887321734022,0.6399818658828735,0.2258961945772171,0.6534819294468954,0.6617363848539747,0.234649253327571,0.6349072945712916
39,2023-24,9969,20240129,20240204,20240128,0.634634256362915,0.22345276176929474,0.6617626821507796,0.6360282897949219,0.22408413887023926,0.6570015447888811,0.6592703794133619,0.23334784764754116,0.6374621058337587
40,2023-24,8571,20240205,20240211,20240204,0.6427938342094421,0.2274172008037567,0.6455287976006322,0.6439187526702881,0.22794687747955322,0.6422932382443051,0.6669365615859434,0.23709507597998888,0.6209006858823566
41,2023-24,5705,20240212,20240215,20240211,0.6326815485954285,0.2221088707447052,0.6688357332565673,0.6347886919975281,0.2231011837720871,0.6630958442846467,0.6547265185482515,0.2312770109680575,0.6446690476941611
42,2023-24,6481,20240222,20240225,20240215,0.6403126120567322,0.2257862687110901,0.6536954898673949,0.6411924362182617,0.22617776691913605,0.6494007608420567,0.6616604265075197,0.23459059512436678,0.6214613259663223
43,2023-24,9088,20240226,20240303,20240225,0.640104353427887,0.22547273337841034,0.6592168482003568,0.6412336230278015,0.2259775549173355,0.6550777077939341,0.658414865807596,0.2328780727067781,0.6307762321441963
44,2023-24,9508,20240304,20240310,20240303,0.6403934955596924,0.22600694000720978,0.6467618141086486,0.6423169374465942,0.22687846422195435,0.6405326193797466,0.6629152691896598,0.23519865023880693,0.6244096164415917
45,2023-24,8708,20240311,20240317,20240310,0.6337468028068542,0.22262395918369293,0.6661737749941629,0.6357656121253967,0.22353339195251465,0.6604634558184077,0.6525556621562553,0.2300904448583875,0.6481331361096918
46,2023-24,8762,20240318,20240324,20240317,0.6378176808357239,0.22460781037807465,0.6622926634352213,0.639820396900177,0.22553569078445435,0.6555756795436976,0.6582686209779182,0.23280735968357164,0.6390247163779955
47,2023-24,9464,20240325,20240331,20240324,0.6390619277954102,0.22532027959823608,0.651627326588168,0.6408351063728333,0.22611740231513977,0.6467770074841007,0.6628513278270997,0.23518535748904065,0.6252387092843571
48,2023-24,10204,20240401,20240407,20240331,0.6394978761672974,0.22492937743663788,0.6601585292091559,0.6412068009376526,0.22573021054267883,0.6550179280949664,0.6601217733057338,0.233864782957753,0.631564310431965
49,2023-24,10198,20240409,20240414,20240407,0.636818528175354,0.22427548468112946,0.6571736101144869,0.6396700739860535,0.2256184220314026,0.6482935545298686,0.6591648569733232,0.23332016727312338,0.6332934040717816
50,2024-25,7253,20241022,20241027,20240414,0.6350172162055969,0.2233164757490158,0.6529191676486473,0.6365670561790466,0.22404657304286957,0.6496702309495752,0.6560720424567884,0.23191414895601006,0.62723354568665
51,2024-25,9290,20241028,20241103,20241027,0.6354119777679443,0.2234569489955902,0.6639272172667681,0.6375963091850281,0.22448180615901947,0.6563729059704633,0.6567242217436444,0.23227731602633717,0.631969305039814
52,2024-25,10220,20241104,20241110,20241103,0.6343237161636353,0.22280754148960114,0.6694426317038444,0.6365157961845398,0.22380854189395905,0.6621846996872011,0.6549694848095152,0.2312696261087144,0.6440045103172007
53,2024-25,9271,20241111,20241117,20241110,0.6433963179588318,0.22699624300003052,0.6469078179696617,0.6445930600166321,0.22757521271705627,0.6417048716569757,0.6609999335224626,0.23429328555236906,0.6231392824061397
54,2024-25,8355,20241118,20241124,20241117,0.634419858455658,0.2229175567626953,0.6622077580921232,0.6367519497871399,0.22406043112277985,0.6545860390874003,0.6566392803283839,0.23221304402189638,0.628323518181987
55,2024-25,9355,20241125,20241201,20241124,0.6436587572097778,0.2271530032157898,0.6432700573010026,0.6453196406364441,0.22792696952819824,0.6384572493554888,0.6626525692590393,0.23505884890381049,0.6286670930218793
56,2024-25,9679,20241202,20241208,20241201,0.6366857290267944,0.22423164546489716,0.6585722738065313,0.639093816280365,0.22534994781017303,0.6506364849195787,0.6570769362135882,0.23229217887200132,0.6386712769553932
57,2024-25,4446,20241209,20241215,20241208,0.6340534090995789,0.2227286696434021,0.6611074873094375,0.6373656988143921,0.2242877185344696,0.6500416147587691,0.6564381299454514,0.23207408607781355,0.6304409409221454
58,2024-25,6601,20241216,20241222,20241215,0.6374827027320862,0.2245253622531891,0.6505749678241963,0.6397604942321777,0.22559432685375214,0.6433484861369647,0.6605103979861332,0.23406722212980702,0.6274919530514578
59,2024-25,9101,20241223,20241229,20241222,0.6376187801361084,0.2246619015932083,0.6537904181371101,0.6403348445892334,0.2259574681520462,0.6428543926468991,0.6576313751732584,0.23262194009403658,0.6348249509560868
60,2024-25,9103,20241230,20250105,20241229,0.636480450630188,0.22399117052555084,0.6523693965522672,0.6384080648422241,0.2248721569776535,0.6473317231751975,0.6575332059283601,0.23248639391805417,0.639327808738339
61,2024-25,9166,20250106,20250112,20250105,0.6428753733634949,0.22642646729946136,0.6490227285519425,0.644487738609314,0.2271859049797058,0.6447930071889719,0.6606817849120902,0.23406297581287214,0.6291142942340925
62,2024-25,9064,20250113,20250119,20250112,0.6408065557479858,0.22620075941085815,0.6476669440077986,0.6422140598297119,0.22688661515712738,0.6426416066668101,0.6609023874828658,0.23426391716984854,0.6323611894453758
63,2024-25,8601,20250120,20250126,20250119,0.6451985239982605,0.22750113904476166,0.6474921382217858,0.6478936076164246,0.22876150906085968,0.6384336532139214,0.661983712827953,0.23469864544195132,0.6235221147603422
64,2024-25,9486,20250127,20250202,20250126,0.6364927887916565,0.22406984865665436,0.662066853753988,0.638422966003418,0.22494050860404968,0.6551640712143723,0.6587790253147489,0.23323934084857956,0.640252445356935
65,2024-25,9915,20250203,20250209,20250202,0.6365129947662354,0.2241095006465912,0.6545992502933013,0.6379162669181824,0.22477656602859497,0.6500349100065814,0.6588110378979743,0.23324166424185228,0.628766949135221
66,2024-25,6181,20250210,20250213,20250209,0.6286059617996216,0.2204647958278656,0.6773156054920833,0.6308671832084656,0.22150757908821106,0.6688743038145075,0.6529987638527002,0.2304674643992571,0.6528409521125339
67,2024-25,6146,20250219,20250223,20250213,0.6375284790992737,0.2241232842206955,0.6539664961591871,0.6390832662582397,0.22479301691055298,0.6502493159193048,0.6605670216023326,0.23396569805803527,0.629849355762977
68,2024-25,9683,20250224,20250302,20250223,0.638099730014801,0.22493122518062592,0.6584029205875744,0.6407728791236877,0.22622913122177124,0.6482998028850071,0.6583138659447528,0.23288378251753755,0.6366274226844213
69,2024-25,9749,20250303,20250309,20250302,0.639864981174469,0.22554078698158264,0.6569179554481774,0.6430450677871704,0.227028951048851,0.6460261951899585,0.6599233156652319,0.23379214679535637,0.6378124327238357
70,2024-25,9994,20250310,20250316,20250309,0.6456428170204163,0.2278643250465393,0.6452068936090402,0.6476782560348511,0.22878903150558472,0.638281243687844,0.6627266339079025,0.23504806752099508,0.6266377539016738
71,2024-25,9334,20250317,20250323,20250316,0.6428462862968445,0.2269575595855713,0.6515400141459796,0.6454923152923584,0.22820954024791718,0.6406572015112046,0.6634883063429209,0.23543582720615092,0.6290638006681963
72,2024-25,9223,20250324,20250330,20250323,0.6401044726371765,0.22569899260997772,0.6491206112485001,0.6425442695617676,0.2268633097410202,0.6398818193176969,0.6624244883159148,0.23479235602756132,0.628929631454497
73,2024-25,10004,20250331,20250406,20250330,0.6393380165100098,0.22505153715610504,0.6574708053335387,0.641451895236969,0.22602145373821259,0.6518178790906064,0.6578981724321695,0.23288283573301372,0.6377759507199604
74,2024-25,10307,20250407,20250413,20250406,0.6398378610610962,0.22547681629657745,0.6529124873922385,0.6418192982673645,0.2263556718826294,0.6468221069440602,0.6600480343273125,0.2338104456088422,0.6351189099030847
75,2025-26,7486,20251021,20251026,20250413,0.6405043601989746,0.225398451089859,0.6576533469787482,0.6425113081932068,0.22633109986782074,0.649077949074079,0.6597444321699554,0.23340742884210777,0.6336380618207527
76,2025-26,9231,20251027,20251102,20251026,0.636951744556427,0.22394275665283203,0.662109234774301,0.6384468674659729,0.22466549277305603,0.6581454039065452,0.6574654664358094,0.23224630429484816,0.6405372371147231
77,2025-26,9419,20251103,20251109,20251102,0.6336110234260559,0.22258487343788147,0.6635628615986278,0.6353194713592529,0.22340808808803558,0.6581767208052067,0.6542556022843965,0.23082887030562801,0.6391177865419293
78,2025-26,9367,20251110,20251116,20251109,0.6427923440933228,0.2265734225511551,0.6529859981589465,0.6459857225418091,0.22806721925735474,0.6424549495413436,0.662015989035475,0.23446669014883692,0.6300356215377805
79,2025-26,9070,20251117,20251123,20251116,0.6401722431182861,0.22570131719112396,0.6531154485934594,0.6430157423019409,0.2270112931728363,0.646694679248331,0.6620231136742808,0.23464145086361568,0.6316107975840269
80,2025-26,8753,20251124,20251130,20251123,0.6389751434326172,0.2248951494693756,0.6585053519064044,0.6413803100585938,0.22602270543575287,0.6508803741343676,0.660772460548048,0.23404374818993287,0.6351213772613807
81,2025-26,9716,20251201,20251207,20251130,0.6395800113677979,0.22567428648471832,0.652921902456375,0.6412020325660706,0.22642165422439575,0.6483852691819693,0.6615910538427925,0.23441024143550582,0.6294732729193542
82,2025-26,5048,20251208,20251214,20251207,0.6428807973861694,0.22638529539108276,0.6579119492814963,0.6456530690193176,0.22763612866401672,0.6480369316464114,0.6609652077186348,0.23411289276385286,0.6325297875476148
83,2025-26,7309,20251215,20251221,20251214,0.6383113861083984,0.2246241718530655,0.6593956837415247,0.6409033536911011,0.2257903665304184,0.6500982440060837,0.6582962923633667,0.23276057937943234,0.6387807122679143
84,2025-26,8982,20251222,20251228,20251221,0.6413868069648743,0.22587411105632782,0.6575137467496839,0.6441799402236938,0.2271902710199356,0.6497157961385848,0.65904578866066,0.2331779501145311,0.6344325017692851
85,2025-26,9855,20251229,20260104,20251228,0.6394215822219849,0.22531723976135254,0.660096933661673,0.6416186094284058,0.22634974122047424,0.6528167513047937,0.6621468460735801,0.23464108449841722,0.6355942351323226
86,2025-26,9874,20260105,20260111,20260104,0.6401016116142273,0.22554291784763336,0.6538719745938587,0.6423444151878357,0.2266031950712204,0.6453589509722277,0.6583608533169127,0.2328524563525142,0.6353201089542768
87,2025-26,8856,20260112,20260118,20260111,0.6396703720092773,0.22520750761032104,0.6592509556826815,0.6421880722045898,0.22634978592395782,0.6530943590928484,0.6584824357108011,0.23281174847639172,0.639201730526046
88,2025-26,9066,20260119,20260125,20260118,0.6398037672042847,0.2252073436975479,0.6557195198291417,0.6412523984909058,0.22590166330337524,0.650095553515061,0.6577592671834808,0.23237760035176655,0.6345757461145946
89,2025-26,9926,20260126,20260201,20260125,0.6385782361030579,0.22490644454956055,0.6551687048014607,0.6416067481040955,0.22633099555969238,0.6459729950627815,0.6597464787592239,0.23351584156510205,0.6271867982033188
90,2025-26,8718,20260202,20260208,20260201,0.6354912519454956,0.22338201105594635,0.6597519412149474,0.6392548084259033,0.22514870762825012,0.647669961808706,0.6573648996142885,0.23234862474911083,0.6416869843647797
91,2025-26,5464,20260209,20260212,20260208,0.6355034708976746,0.22365009784698486,0.6680235950132144,0.6371254324913025,0.22443218529224396,0.6613267355481889,0.6568410765506699,0.23198019952684082,0.6459334494801623
92,2025-26,6441,20260219,20260222,20260212,0.6427562236785889,0.22648486495018005,0.6533185379050426,0.6461066007614136,0.22798249125480652,0.6427719272684154,0.6616813242403262,0.23447926068740352,0.630215834098486
93,2025-26,9082,20260223,20260301,20260222,0.640134871006012,0.2254466563463211,0.6592860784394442,0.642946720123291,0.22678199410438538,0.6493021523555874,0.6592085821696979,0.233278414076706,0.6372510997077271
94,2025-26,9087,20260302,20260308,20260301,0.6269522905349731,0.21979472041130066,0.6694863882866773,0.6295598745346069,0.22104549407958984,0.6624909262547328,0.6526516269833401,0.23004446470072476,0.645580337516547
95,2025-26,9420,20260309,20260315,20260308,0.6465165615081787,0.22797441482543945,0.6554969838701284,0.6493567824363708,0.22926805913448334,0.642404359430605,0.660089080925639,0.23361507597188413,0.6384015234410008
96,2025-26,9560,20260316,20260322,20260315,0.6373385787010193,0.2241823822259903,0.6638273860563635,0.6395571827888489,0.22518238425254822,0.6562177648569629,0.6584017518766409,0.2327857541925882,0.6395605686000689
97,2025-26,9558,20260323,20260329,20260322,0.6411201357841492,0.22574594616889954,0.6634191779116796,0.6430748701095581,0.2267201542854309,0.6555109913902675,0.6596994967701375,0.2334153892964222,0.6405146554792154
98,2025-26,9435,20260330,20260405,20260329,0.6394113898277283,0.22533762454986572,0.6597816583358275,0.6409873962402344,0.22609174251556396,0.6526172985842746,0.6607687534594763,0.23394260205337564,0.6374567096383414
99,2025-26,10437,20260406,20260412,20260405,0.6368123888969421,0.2240736335515976,0.6653415698663713,0.6384595632553101,0.22481553256511688,0.6616513916395301,0.6568724390075291,0.23210714197361454,0.6432067365868142
